Fecha;Total Dosis 1;Total Dosis 2;1era Dosis Sinovac;2da Dosis Sinovac;1era Dosis Pfizer;2da Dosis Pfizer;1era Dosis Astrazeneca;2da Dosis Astrazeneca;Montevideo Dosis 1;Montevideo Dosis 2;Artigas Dosis 1;Artigas Dosis 2;Canelones Dosis 1;Canelones Dosis 2;Cerro Largo Dosis 1;Cerro Largo Dosis 2;Colonia Dosis 1;Colonia Dosis 2;Durazno Dosis 1;Durazno Dosis 2;Flores Dosis 1;Flores Dosis 2;Florida Dosis 1;Florida Dosis 2;Lavalleja Dosis 1;Lavalleja Dosis 2;Maldonado Dosis 1;Maldonado Dosis 2;Paysandú Dosis 1;Paysandú Dosis 2;Río Negro Dosis 1;Río Negro Dosis 2;Rivera Dosis 1;Rivera Dosis 2;Rocha Dosis 1;Rocha Dosis 2;Salto Dosis 1;Salto Dosis 2;San José Dosis 1;San José Dosis 2;Soriano Dosis 1;Soriano Dosis 2;Tacuarembó Dosis 1;Tacuarembó Dosis 2;Treinta y Tres Dosis 1;Treinta y Tres Dosis 2;Departamento Sin Datos;Rango 12-14 Dosis 1;Rango 12-14 Dosis 2;Rango 15-19 Dosis 1;Rango 15-19 Dosis 2;Rango 20-24 Dosis 1;Rango 20-24 Dosis 2;Rango 25-34 Dosis 1;Rango 25-34 Dosis 2;Rango 35-44 Dosis 1;Rango 35-44 Dosis 2;Rango 45-54 Dosis 1;Rango 45-54 Dosis 2;Rango 55-64 Dosis 1;Rango 55-64 Dosis 2;Rango 65-74 Dosis 1;Rango 65-74 Dosis 2;Rango Mayor 75 Dosis 1;Rango Mayor 75 Dosis 2;Rango Sin Datos
23/7/2021;22857;15461;252;5988;22605;8816;0;657;4723;3944;1116;472;2849;3502;456;570;1470;904;576;89;306;111;520;227;704;270;1130;1618;1151;428;582;194;1135;394;1104;382;1229;685;1024;474;1138;201;1091;800;509;162;78;4813;1692;5138;4733;2720;2245;4649;2281;2490;1368;1490;892;809;644;449;776;299;830;0
22/7/2021;13640;13259;163;5816;13475;6856;2;587;4585;3010;62;459;3020;3755;165;349;413;431;52;79;12;123;171;119;52;105;1177;1736;78;119;510;211;705;395;59;381;1747;337;77;258;84;360;552;797;67;187;100;2226;1151;3199;4236;1958;2384;2756;1678;1953;1038;669;801;515;550;217;647;147;774;0
21/7/2021;12192;11154;167;4431;12023;6025;2;698;4499;3641;70;391;3356;2371;914;93;121;395;59;125;7;89;117;220;41;128;180;1124;156;321;45;171;74;391;225;364;2092;336;56;245;18;26;82;590;46;89;78;1203;700;1617;3531;1522;1900;3920;1740;2464;921;575;656;323;462;335;587;233;657;0
20/7/2021;9709;15510;108;7123;9601;7611;0;776;4449;4100;383;780;2132;3608;186;533;55;583;40;81;11;102;37;70;35;306;870;503;274;1638;43;371;46;336;27;159;874;843;46;569;19;39;115;738;40;109;69;818;710;1882;3595;989;2044;2736;3148;2088;2151;635;1297;289;836;146;890;126;838;1
19/7/2021;9052;21377;245;11852;8806;8618;1;907;4477;4711;76;955;1891;3481;53;1100;49;1813;35;256;8;111;87;493;27;55;843;818;107;447;76;246;61;1149;79;780;793;1474;53;1243;92;637;163;1199;48;301;142;309;958;1078;3496;1149;2588;2523;4533;2288;3585;867;2574;355;1378;223;1142;260;1123;0
18/7/2021;0;13;0;9;0;3;0;1;0;4;0;8;0;1;0;0;0;0;0;0;0;0;0;0;0;0;0;0;0;0;0;0;0;0;0;0;0;0;0;0;0;0;0;0;0;0;0;0;0;0;0;0;2;0;4;0;1;0;3;0;0;0;3;0;0;0
17/7/2021;1806;4836;11;567;1795;4269;0;0;720;2521;2;10;753;533;1;7;15;274;2;6;2;3;3;5;3;6;15;20;3;5;0;2;6;17;72;585;62;210;122;567;7;22;8;18;2;5;28;60;634;56;1182;558;542;450;821;365;505;216;427;60;266;27;207;14;252;0
16/7/2021;13208;34492;111;4243;13042;15725;55;14524;7051;8587;101;970;2546;9468;151;1034;228;980;69;514;23;422;43;579;40;250;657;870;814;1163;82;917;52;1291;101;1807;176;1882;569;1368;230;749;99;1243;148;207;219;1260;2297;1702;6860;2204;2579;4151;3430;1993;1843;973;1314;419;1979;269;7486;237;6704;0
15/7/2021;18248;27373;156;130;18033;8663;59;18580;11355;4077;77;614;3314;8125;85;1253;459;578;40;152;17;14;93;386;141;119;867;422;84;2539;63;1085;46;2335;42;1916;317;1779;906;511;59;119;170;1077;64;128;193;4434;737;2704;1676;1800;1475;3022;2197;3048;879;1667;681;640;1216;545;8341;387;10171;1
14/7/2021;22801;20680;323;3269;22476;17401;2;10;9549;7183;706;408;4223;3211;844;239;521;917;188;333;14;369;540;663;448;191;655;509;759;967;772;314;774;805;550;713;1009;1529;975;566;140;848;90;720;34;101;104;2599;1954;7384;8460;3640;2475;3244;3923;2946;1396;1806;1095;405;553;419;430;357;393;2
13/7/2021;24320;20008;901;3711;23418;16291;1;6;9418;6845;745;470;3909;3229;1231;310;893;731;153;575;21;386;519;476;49;473;1007;531;759;729;182;879;699;696;82;384;1145;970;1265;801;1161;359;1000;915;45;92;194;1197;1289;4023;9444;5165;1784;4881;3090;2875;1866;4208;1207;952;576;600;387;419;365;0
12/7/2021;28591;22281;917;3735;27674;18546;0;0;8565;8485;1170;304;3886;3025;1284;379;1299;1140;901;290;319;231;755;290;594;249;987;585;806;1404;1218;706;1114;978;422;905;966;897;1175;452;1359;824;972;751;783;321;81;1821;905;2667;10460;2006;2484;4852;2918;4820;1588;5957;1183;3115;711;2004;754;1348;1278;1
11/7/2021;7;293;5;292;2;1;0;0;1;60;0;1;6;224;0;1;0;0;0;0;0;0;0;0;0;0;0;3;0;1;0;0;0;0;0;1;0;1;0;0;0;0;0;0;0;1;0;0;0;1;50;0;82;3;66;2;39;1;26;0;16;0;14;0;0;0
10/7/2021;2212;3658;451;462;1761;3196;0;0;482;2181;3;3;357;588;47;15;0;5;0;4;1;4;2;4;7;10;1048;110;219;521;6;3;5;150;5;5;19;15;2;3;1;6;3;8;5;11;12;1127;272;523;2387;196;278;120;287;97;138;62;100;24;72;33;53;30;71;0
9/7/2021;8740;16756;1087;3425;7652;13328;1;3;5190;7897;201;162;1016;2139;186;234;281;560;67;240;169;282;100;318;102;348;377;601;65;563;80;272;58;558;97;448;375;789;82;450;226;376;33;204;35;304;11;2470;302;822;4066;3092;3020;1612;3876;293;1537;197;1261;109;775;66;738;79;1181;0
8/7/2021;12099;17397;2298;4991;9799;12406;2;0;6883;8199;360;389;1237;1999;397;412;264;693;117;270;81;94;120;278;125;401;722;759;296;664;57;248;55;298;38;322;272;810;690;610;325;591;28;136;30;224;2;3253;595;889;9478;733;555;3950;945;2362;1308;481;1725;217;1666;118;686;96;439;0
7/7/2021;9377;41283;3955;30514;5422;10769;0;0;3458;19791;218;671;1128;7334;342;621;290;818;398;331;13;150;243;456;260;491;505;1907;256;1552;270;542;588;650;548;1200;108;1811;252;898;128;1187;328;589;42;283;3;4510;349;1747;10463;1177;16801;664;7747;534;1741;367;1589;146;1156;86;754;146;683;0
6/7/2021;11686;36626;2567;31377;9117;5247;2;2;4618;18015;348;538;1252;7120;316;515;631;461;259;428;4;48;267;412;351;440;1016;1797;74;1201;221;535;353;640;175;586;613;1306;431;685;465;764;122;743;170;390;2;7945;14;2056;4894;684;16917;279;7617;186;1987;158;1713;146;1299;96;701;136;1484;0
5/7/2021;12375;38022;2857;32012;9517;6010;1;0;4877;18026;325;615;1744;7025;341;716;463;550;324;426;7;298;346;418;218;637;794;2098;451;1299;218;531;348;642;130;591;714;1295;416;770;389;883;130;889;139;311;3;7675;24;2481;3452;931;16562;498;9085;324;3141;239;2839;113;2009;59;596;54;313;2
4/7/2021;7;854;7;854;0;0;0;0;4;232;0;1;3;586;0;2;0;4;0;1;0;1;0;3;0;3;0;4;0;0;0;5;0;4;0;2;0;2;0;1;0;1;0;2;0;0;0;0;1;0;68;2;475;3;240;1;29;1;27;0;13;0;1;0;0;0
3/7/2021;3087;14712;1052;11461;2035;3251;0;0;268;7505;5;230;525;2444;3;41;500;609;14;215;2;12;3;34;25;475;1167;394;482;432;23;32;3;41;6;43;21;1339;13;505;15;244;5;40;7;77;0;771;0;1324;442;391;3103;316;7264;97;1503;81;1604;62;658;30;83;15;55;0
2/7/2021;12018;41359;5464;31704;6554;9655;0;0;6822;15062;243;1047;1337;7104;255;991;359;1873;201;531;23;414;304;732;25;822;410;2637;116;1565;161;729;333;975;297;888;250;1701;317;1796;222;1077;188;1077;154;338;1;4263;7;4100;1264;1710;8947;855;18274;411;4794;296;4086;181;1702;114;885;88;1400;0
1/7/2021;15212;37898;6343;30348;8845;7550;24;0;10142;13285;77;1001;2224;6225;217;807;286;2011;165;542;13;468;213;986;159;857;392;2533;111;1215;59;603;264;770;77;878;250;1503;102;1775;275;979;138;1040;47;420;1;5921;7;5630;825;2061;6071;726;20521;291;4889;216;2497;158;851;129;1016;80;1221;0
30/6/2021;19055;33435;6496;30274;12558;3161;1;0;9067;13646;393;781;2670;5408;425;608;762;1652;238;399;170;325;308;670;387;599;894;2046;484;836;149;472;439;677;578;1056;823;1069;469;1320;417;741;175;810;204;318;5;7847;10;6647;402;2460;3424;1097;21973;346;3657;263;1143;190;591;80;629;125;1605;1
29/6/2021;19222;35249;6976;30813;12245;4436;1;0;8095;15021;399;832;3412;5504;466;808;856;1585;320;498;254;316;311;801;462;788;973;2047;491;902;268;517;447;734;317;569;878;993;470;1362;453;735;127;820;217;411;12;6460;11;6709;327;1783;2276;1806;21947;1183;4586;725;1443;272;601;139;1558;145;2499;1
28/6/2021;18472;35777;7286;30388;11186;5376;0;13;7367;15274;352;826;3313;5123;321;779;703;1655;249;743;222;315;337;851;218;674;730;2164;967;877;313;511;364;791;329;608;823;1019;423;1254;426;806;700;989;312;501;20;5261;27;7563;279;2351;1551;1221;15513;677;6023;535;5686;326;1782;282;2391;256;2525;0
27/6/2021;6;1201;6;1201;0;0;0;0;5;362;0;1;1;805;0;3;0;2;0;1;0;0;0;4;0;2;0;4;0;1;0;2;0;0;0;4;0;3;0;1;0;2;0;4;0;0;0;0;0;0;2;1;4;1;749;2;271;2;106;0;52;0;17;0;0;0
26/6/2021;1177;11740;922;8222;255;3518;0;0;654;7762;5;25;462;2806;4;17;9;493;1;11;0;0;4;8;0;8;14;424;1;15;0;8;4;32;6;23;1;24;4;35;3;16;2;17;3;16;0;3;0;554;3;402;57;96;2146;51;5363;31;461;18;224;15;1682;7;1804;0
25/6/2021;10189;28800;4986;20023;5203;8730;0;47;3133;18104;233;82;2142;6000;567;185;441;890;29;262;98;27;27;473;42;211;1471;952;22;34;171;41;276;112;187;458;518;150;337;174;38;385;313;144;144;116;0;1699;2;4262;73;1707;374;1192;8343;564;10878;320;965;162;715;135;3321;148;4129;0
24/6/2021;9782;32331;5215;23088;4567;9233;0;10;2475;20298;235;87;2703;6057;337;198;383;1159;33;229;113;53;30;592;93;287;1433;1167;46;161;130;47;259;109;291;749;369;135;144;315;240;419;295;155;173;114;0;1126;2;3990;114;2064;423;1029;10138;593;11661;364;1189;249;759;182;3589;185;4455;1
23/6/2021;8313;34304;4016;24769;4297;9535;0;0;2973;20308;228;68;1830;6672;28;135;264;1290;74;259;98;30;23;753;70;328;1109;1709;71;60;147;32;258;107;288;1151;287;120;139;372;46;627;338;129;42;154;0;747;1;3626;106;1696;311;1039;10984;441;12477;242;1115;154;629;159;3859;209;4822;0
22/6/2021;9716;36525;5107;26683;4609;9842;0;0;3044;20075;535;94;1795;6747;236;156;550;1137;32;585;102;35;30;961;155;490;287;3187;1256;404;224;210;252;105;71;809;326;240;469;387;34;641;294;113;23;144;6;708;3;3242;187;1490;392;1996;9720;966;15164;483;1035;340;521;259;4260;232;5242;1
21/6/2021;12026;40237;8474;28602;3552;11635;0;0;2991;20697;504;269;1784;6657;895;230;1491;1165;114;482;104;76;248;1062;43;784;403;3118;250;1695;93;309;491;362;141;913;387;706;818;521;381;753;582;261;305;173;5;547;3;2193;122;1739;350;2840;9727;1967;16468;1236;1540;656;736;408;5217;440;6074;0
20/6/2021;4;974;3;971;1;3;0;0;1;429;0;1;2;528;0;0;0;1;0;1;0;0;0;1;0;0;1;5;0;0;0;0;0;1;0;2;0;1;0;3;0;0;0;1;0;0;0;0;0;0;0;0;0;1;236;1;619;1;74;0;26;1;19;0;0;0
19/6/2021;3056;11361;856;11128;2200;230;0;3;2191;4356;11;204;550;2143;7;11;9;1191;3;11;2;1;3;16;6;373;193;86;31;462;3;8;3;17;5;21;12;1433;18;995;3;17;2;11;4;5;0;719;1;1027;25;257;56;292;2279;263;7289;210;1195;119;340;63;158;106;18;0
18/6/2021;13229;34119;2637;29505;10591;4607;1;7;5309;16189;228;612;1635;6248;208;310;707;942;233;173;297;141;354;553;184;670;426;2908;620;1042;212;72;510;96;295;468;588;1543;487;1316;330;334;578;391;18;111;10;2846;3;7442;133;767;504;824;3997;675;15408;279;9620;188;719;104;1818;103;1917;1
17/6/2021;3140;41026;341;32445;2799;8581;0;0;1936;19310;41;741;252;6218;27;386;27;1277;180;172;13;359;142;686;23;838;52;3174;47;1344;52;329;26;238;19;853;27;1762;26;1586;34;516;201;1079;11;156;6;956;1;1289;201;115;1609;193;5865;195;18322;120;10401;70;765;65;1823;137;2039;0
16/6/2021;15024;37950;3386;33958;11638;3992;0;0;6424;16924;608;675;2363;5980;208;305;405;1672;377;159;103;699;218;636;200;632;450;2933;637;999;193;63;336;94;342;1154;593;1550;372;1398;428;419;712;1517;32;139;25;2547;1;8589;28;836;82;1450;2874;569;19861;463;10318;239;874;182;1846;149;2066;0
15/6/2021;14783;39728;3600;36055;11183;3673;0;0;5974;17476;412;892;2319;5384;250;883;410;1762;254;78;112;726;257;676;401;377;473;3065;651;950;649;121;335;59;313;741;621;1725;344;2024;354;1192;528;1484;108;111;21;1465;3;9351;58;484;137;1223;1924;1184;19436;684;13298;232;1211;110;1742;49;1919;1
14/6/2021;13633;43620;2988;39600;10645;4020;0;0;5697;17784;282;1062;2206;5982;256;927;413;2020;246;77;111;670;256;659;208;642;492;2878;659;1456;210;648;530;1763;85;742;566;1604;374;1885;336;1206;496;1529;203;84;9;887;2;10228;44;1051;82;507;1683;301;9553;270;23123;132;4717;107;2365;150;2050;1
13/6/2021;487;720;486;720;1;0;0;0;146;330;2;2;330;381;2;1;0;1;1;1;0;0;0;0;0;0;3;0;0;0;0;0;0;0;1;1;1;1;0;1;0;1;0;0;1;0;0;0;0;57;0;103;3;77;2;46;4;180;700;15;6;9;5;0;0;0
12/6/2021;3737;19336;606;13745;3131;5591;0;0;2413;5349;6;613;620;2156;5;17;22;2361;13;517;4;15;10;491;16;232;47;1682;311;463;7;40;5;18;106;33;14;1672;15;1396;61;1538;5;31;57;712;0;345;0;2568;7;208;29;189;322;105;2242;101;7397;74;3137;74;3264;73;2937;1
11/6/2021;6216;33881;854;28190;5362;5690;0;1;2056;13218;23;573;1063;5489;81;791;98;1632;86;471;80;698;168;680;208;578;75;2314;575;993;188;507;216;360;254;367;152;1138;158;1057;183;910;281;1363;232;742;39;648;2;3518;30;472;75;468;964;330;5070;295;16543;193;5328;134;3238;158;2631;0
10/6/2021;13275;30837;1044;27358;12230;3437;1;42;4724;11626;247;377;1576;5308;249;660;809;1225;253;399;87;696;374;635;411;543;694;1839;515;877;249;512;342;374;306;640;686;1135;589;1108;520;835;364;1339;273;709;7;625;0;9937;27;460;87;658;600;442;2926;368;12704;303;8806;217;4349;265;1337;1
9/6/2021;42360;6269;30975;1999;11385;4270;0;0;20204;1861;746;88;6853;1065;693;91;1165;673;297;124;156;49;536;150;482;129;2163;402;1886;324;445;86;434;146;1282;87;1868;101;939;327;1213;67;647;375;343;123;9;403;0;11305;34;18212;131;8076;796;1526;1194;1129;1632;745;718;461;901;503;862;1
8/6/2021;34240;3588;32795;1940;1445;1590;0;58;15416;1452;574;25;6534;156;528;35;462;425;414;99;53;65;459;20;438;64;1907;122;1276;195;557;27;975;35;600;19;1334;19;798;260;753;36;882;399;262;135;18;7;1;5355;12;18400;60;7823;165;1236;137;714;1073;389;412;188;953;128;775;0
7/6/2021;35470;4803;33642;2021;1827;2782;1;0;15567;2078;606;74;6189;224;714;75;536;360;414;84;339;91;494;56;453;89;1945;271;1332;271;595;46;864;30;648;30;1307;23;1050;380;843;106;1152;379;385;135;38;33;1;3903;22;18122;151;9124;445;2125;399;1184;612;622;1130;279;1077;77;965;2
6/6/2021;937;6;935;6;1;0;1;0;263;3;2;1;631;2;3;0;4;0;2;0;1;0;3;0;3;0;3;0;2;0;3;0;3;0;3;0;4;0;1;0;3;0;3;0;0;0;0;0;0;72;0;543;0;267;1;26;1;18;0;9;2;2;2;0;0;0
5/6/2021;12095;2648;11316;117;779;2531;0;0;4461;2301;239;3;2236;82;39;1;831;10;220;7;15;1;28;1;479;1;427;6;469;167;38;1;35;3;183;9;1413;42;610;9;258;2;32;0;81;2;1;0;1;502;2;3357;12;7259;67;471;33;251;28;128;16;48;82;79;2407;0
4/6/2021;33846;10019;30321;528;3524;9484;1;7;12048;3352;743;211;6122;1335;752;177;1541;646;481;217;309;141;772;233;629;217;2351;467;1480;560;554;152;716;316;599;23;1197;683;1314;486;810;254;1027;368;377;180;25;11;2;1509;39;9711;185;17998;386;2128;318;1101;248;635;110;368;2768;385;5963;0
3/6/2021;34045;10392;31044;409;3001;9982;0;1;12781;3446;1128;217;5883;1342;802;264;1445;598;524;170;296;139;708;214;498;220;2036;456;892;561;535;146;795;315;688;426;1217;504;1535;579;814;254;1163;395;287;145;19;7;1;1023;6;6774;64;20839;360;3166;438;1067;130;488;118;314;2775;366;6500;1
2/6/2021;34260;10683;31637;366;2623;10316;0;1;12679;3978;918;234;5381;1326;666;236;1692;506;467;188;327;133;852;210;717;228;2168;431;1198;552;520;150;839;302;1121;307;1145;517;1468;518;782;276;901;435;373;156;46;3;0;575;12;3901;51;23809;487;3861;694;1092;263;538;162;242;2262;239;6751;1
1/6/2021;35318;10530;32151;546;3166;9984;1;0;12744;4185;1252;249;5488;1280;843;237;1625;418;496;191;318;117;878;209;765;209;2289;469;1273;503;512;124;998;281;642;263;1343;440;1439;529;780;261;1073;392;501;173;59;2;1;587;14;2975;64;24082;663;4972;868;1487;218;584;176;328;951;301;7573;2
31/5/2021;35699;10489;32243;1058;3455;9431;1;0;12663;4015;1030;175;5318;1306;827;341;1781;503;566;203;317;141;1079;216;709;228;2313;530;967;579;521;168;1037;281;998;297;1367;158;1338;508;949;257;1235;402;578;180;107;2;4;365;34;2025;154;17252;622;6699;689;6320;544;1873;308;788;276;374;7857;2
30/5/2021;1247;133;1243;132;4;1;0;0;379;96;1;0;831;37;3;0;2;0;1;0;0;0;4;0;2;0;5;0;1;0;2;0;0;0;6;0;3;0;1;0;2;0;4;0;0;0;0;0;1;2;1;3;4;797;12;280;4;109;62;44;40;12;9;0;0;0
29/5/2021;11742;13219;8649;151;3092;13068;1;0;5364;10320;60;408;2847;438;18;7;883;337;24;485;3;5;11;15;18;369;494;328;23;8;11;5;43;13;812;55;252;19;766;272;37;96;35;23;26;16;15;1;0;282;5;649;26;3155;88;6063;113;730;77;405;41;270;6168;187;6701;0
28/5/2021;32286;4845;21333;2407;10949;2413;4;25;15800;2404;382;49;6722;1203;320;34;1021;173;361;77;115;13;451;16;193;23;469;78;407;25;347;164;748;16;1045;21;871;89;946;223;593;119;1083;87;163;27;253;1;0;1126;90;2631;359;12010;602;12719;526;1778;1139;1088;1004;555;575;376;549;3
27/5/2021;35482;4024;24525;2653;10957;1371;0;0;17885;1857;351;23;6800;1259;284;19;1165;84;171;29;68;3;682;28;121;7;717;183;1278;72;360;40;1086;81;1154;56;974;107;676;61;131;27;1264;48;96;37;222;0;0;1035;75;2635;276;14030;467;13432;643;1993;1290;1173;992;669;167;515;114;0
26/5/2021;35214;3215;25996;1973;9158;1242;60;0;17292;1328;363;15;7397;1276;84;11;1258;97;239;56;309;4;862;16;44;8;1003;118;526;8;190;2;590;66;1599;23;1226;116;391;17;774;10;608;8;363;36;96;0;0;886;25;2304;57;14544;198;14042;304;1654;1024;907;1143;531;285;345;179;1
25/5/2021;35215;3691;28463;2544;6728;1147;24;0;17141;1224;319;36;7098;1404;121;5;1223;190;511;54;318;1;688;42;360;23;2302;506;104;14;540;89;430;6;925;25;734;7;641;14;437;16;706;20;500;15;117;0;0;722;13;1792;66;12693;166;16863;220;1557;1191;837;1588;450;339;300;107;2
24/5/2021;36966;4536;29500;3176;7462;1360;4;0;17251;1475;91;28;6501;1431;136;7;1121;201;314;58;160;4;407;111;575;38;2226;586;2512;122;640;111;524;17;1767;51;699;8;153;166;733;35;766;66;315;17;79;0;0;705;25;1577;132;12088;284;18178;318;1920;1017;1023;1533;669;850;806;377;0
23/5/2021;1024;446;1019;446;3;0;2;0;450;91;1;2;553;349;0;0;1;1;2;0;0;0;1;0;0;0;5;2;1;0;0;0;1;0;1;1;1;0;4;0;0;0;3;0;0;0;0;0;0;0;0;4;0;249;3;649;10;75;161;27;232;19;40;1;0;0
22/5/2021;12215;2455;11995;2363;220;92;0;0;4636;390;228;160;2280;1149;12;3;1266;15;13;3;1;0;18;8;404;7;95;497;442;158;11;1;21;2;20;6;1609;21;1114;26;23;1;16;4;6;4;0;1;0;17;7;60;36;2512;92;7783;94;1255;765;369;1058;183;352;34;51;1
21/5/2021;42892;6542;31767;4223;11121;2319;4;0;18806;2147;811;19;7492;2427;528;41;1345;43;586;29;282;8;799;39;901;43;3438;93;1538;672;220;560;247;8;771;39;2145;39;1851;101;488;35;430;160;214;39;0;2;0;1020;53;3195;215;7458;716;17311;1347;10781;1913;1118;1477;881;648;1126;173;0
20/5/2021;41338;6442;35033;4247;6280;2195;25;0;18885;2035;800;41;6894;2310;406;98;1156;54;247;73;307;17;730;50;757;112;3127;142;1493;717;336;427;218;15;919;57;1835;54;1644;93;485;58;1004;38;95;49;2;1;0;264;44;1923;285;6646;750;19870;1234;11218;1584;943;1295;344;845;129;405;0
19/5/2021;37574;6469;36470;4498;1051;1971;53;0;16058;2391;687;24;6788;2258;309;19;1350;31;65;24;656;15;651;23;618;38;2989;137;1083;702;64;541;56;8;1169;17;1762;69;1442;64;340;23;1413;35;74;50;0;1;0;19;45;85;266;3125;642;21609;1042;11212;1691;1024;1485;330;1051;169;247;0
18/5/2021;44524;7348;39081;5293;5437;2054;6;1;20164;2742;1029;57;6880;2303;990;94;1498;25;76;34;689;11;740;40;367;333;3139;117;1146;663;76;560;61;23;790;42;2060;51;1923;84;1248;44;1447;62;201;63;0;3;0;73;78;240;340;2692;706;21785;949;15219;1785;2133;2100;768;1213;1611;177;0
17/5/2021;48328;4979;42715;2873;5612;2106;1;0;19961;1916;1236;43;7424;1711;1009;50;1721;41;54;12;677;24;715;156;720;80;3305;222;1617;145;599;42;1896;91;794;66;1753;91;1996;56;1339;34;1471;197;41;2;0;0;0;40;68;85;352;2525;809;11441;865;26606;1006;6365;962;1020;724;245;193;1
16/5/2021;472;25;472;22;0;3;0;0;216;8;2;0;249;14;0;0;1;1;0;0;0;0;0;0;0;1;0;0;1;0;1;0;0;0;0;1;0;0;1;0;1;0;0;0;0;0;0;0;0;0;0;0;0;0;3;5;1;458;3;3;11;6;6;0;1;0
15/5/2021;18333;3096;14884;2782;3428;314;21;0;7652;811;699;17;2363;673;19;2;1735;423;360;13;11;1;62;10;180;187;633;28;483;818;38;29;17;3;23;1;1871;9;1482;36;656;21;37;10;12;4;0;0;0;12;177;43;290;873;413;3521;488;9279;614;3820;561;761;473;24;80;0
14/5/2021;41155;19217;30540;17296;10590;1921;25;0;15016;7096;878;643;7140;2718;919;257;1861;706;569;887;790;49;828;141;997;290;2713;967;1258;1006;581;117;569;1564;731;303;1750;588;1289;987;1178;484;1380;296;708;98;20;1;0;45;373;143;1043;2536;2807;7877;4788;20569;4871;6692;2982;1829;2140;1463;213;0
13/5/2021;37884;24709;29377;20386;8501;4323;6;0;12638;10812;711;745;6360;3099;851;390;1717;919;595;663;806;151;972;201;928;359;2592;1204;1259;1050;671;110;548;1625;859;233;1719;709;1395;1114;1095;574;1427;448;741;286;17;1;1;31;355;152;1116;2109;3391;5114;5739;15141;5439;9726;3832;4326;3036;1284;1800;0
12/5/2021;7127;37281;2127;35289;4891;1992;109;0;3486;13280;91;433;1244;3752;87;776;497;1460;101;1408;55;528;139;1024;96;894;373;2939;186;1765;74;636;163;456;92;980;187;1460;78;1899;36;1169;86;1598;56;824;0;1;1;17;369;97;1088;803;3148;1235;6383;1776;9290;803;9861;712;6833;1682;306;3
11/5/2021;6405;36606;2127;35288;4110;1316;168;2;4709;12313;41;641;692;3930;27;942;203;1499;62;1395;4;533;10;1001;27;999;151;3081;102;1637;17;611;18;662;20;442;97;1403;45;1981;105;1133;49;1451;26;936;16;0;0;14;223;54;876;180;2631;157;4939;1178;7465;464;11208;1675;9083;2682;181;1
10/5/2021;7472;36688;2068;34808;5308;1880;96;0;5561;12560;36;197;482;3605;68;979;186;1450;83;1553;19;447;55;968;60;949;291;3170;152;1817;20;607;23;610;30;455;100;1573;96;1974;82;1137;73;1631;53;986;22;0;0;11;71;84;452;299;1712;335;3352;589;5396;1230;12515;2272;12991;2652;198;1
9/5/2021;13;334;13;334;0;0;0;0;5;188;0;0;7;142;0;0;0;0;0;0;0;0;0;0;0;0;0;2;0;0;0;1;0;0;0;1;1;0;0;0;0;0;0;0;0;0;0;0;0;0;0;0;1;1;0;1;124;9;187;0;12;1;10;1;0;0
8/5/2021;3713;3397;57;3301;3563;96;93;0;3399;1268;5;3;126;516;7;1;46;500;5;1;0;4;2;0;1;1;9;8;57;830;17;14;6;4;3;8;9;58;9;166;5;4;4;11;3;0;0;0;0;1;3;8;78;18;188;26;597;25;941;34;839;1693;735;1908;16;0
7/5/2021;9309;9765;469;9340;8377;425;463;0;5543;2479;25;9;485;1741;234;109;591;667;220;284;8;7;295;156;208;615;722;1029;90;866;167;51;37;389;29;527;18;143;47;368;398;28;93;138;98;147;13;1;0;60;146;206;525;388;1191;306;1573;191;1744;222;2308;3472;2155;4463;123;0
6/5/2021;10050;26514;1116;26206;8886;308;48;0;6056;8778;23;738;620;2941;171;818;505;1088;214;951;14;490;347;746;249;788;870;2063;29;1187;41;364;65;1318;48;591;30;1291;228;624;425;582;100;499;15;634;23;0;1;72;110;247;289;608;681;624;2072;190;7268;119;9407;3540;6575;4649;111;1
5/5/2021;10551;21854;424;21584;9993;270;134;0;6124;7892;43;665;770;1842;189;888;517;480;224;453;15;40;448;509;280;779;884;1083;75;1133;9;408;62;1160;38;881;65;1090;255;671;388;792;123;627;42;461;0;1;0;13;27;39;128;465;268;691;237;217;5667;188;9203;3914;6180;5022;144;1
4/5/2021;12102;21866;572;20863;11463;1003;67;0;6366;8528;85;524;1041;1644;138;771;513;600;210;733;21;74;648;578;296;666;1191;971;212;870;20;472;127;1080;38;567;318;965;291;755;385;814;140;691;62;538;25;0;0;23;20;97;47;744;300;923;333;202;5459;108;8401;4384;7133;5620;173;1
3/5/2021;13307;19289;449;18364;12802;925;56;0;6332;9888;171;49;1337;1461;200;520;507;1443;202;790;40;30;703;407;307;403;1220;226;467;652;79;295;238;255;203;181;227;806;378;804;403;476;151;406;142;197;0;1;0;10;368;76;1118;470;2420;527;2511;388;4108;202;4785;5228;3716;6405;263;0
2/5/2021;161;13;156;9;5;4;0;0;107;7;0;0;51;5;0;0;0;0;0;0;0;0;0;0;0;0;3;1;0;0;0;0;0;0;0;0;0;0;0;0;0;0;0;0;0;0;0;0;0;2;0;6;1;20;2;12;0;66;2;46;3;9;2;0;3;0
1/5/2021;20;29;15;1;5;28;0;0;4;2;3;0;1;0;0;0;0;0;0;0;0;0;0;0;0;0;0;2;0;0;0;0;0;8;0;1;10;1;0;0;0;0;2;15;0;0;0;0;0;1;1;1;0;8;1;3;4;4;0;2;5;0;13;1;5;0
30/4/2021;7957;39815;2260;30333;5127;9481;570;1;3776;14123;63;1042;1678;3977;72;1515;346;1918;45;1042;131;289;44;1306;100;918;350;2056;36;1386;208;818;60;2707;41;820;181;938;323;1206;85;1695;294;1123;123;928;9;0;0;52;1329;263;3846;553;8132;490;8665;1096;6298;1059;2898;2081;3364;2363;5283;0
29/4/2021;7622;38486;2200;30033;4829;8453;593;0;3589;14527;43;1050;1592;3517;51;1388;312;1866;25;999;76;259;20;1029;121;791;385;1894;45;1346;77;711;89;2574;71;892;335;936;281;1121;113;1626;274;1126;121;834;2;0;1;32;1279;84;3744;207;8082;485;8652;1273;6251;1123;2566;2101;2509;2317;5399;3
28/4/2021;7711;36565;2171;28178;4988;8387;552;0;3532;13802;32;1159;1642;3529;60;1314;524;1511;52;826;71;245;28;1101;95;774;362;1763;59;668;87;647;66;2543;44;1226;408;916;190;1095;103;1792;231;1073;125;581;0;1;2;17;1055;83;3645;174;7673;331;8220;1129;5809;1246;2469;2229;1990;2501;5702;0
27/4/2021;7870;37106;2609;28809;4689;8297;572;0;3321;14530;139;1057;1793;3681;32;1412;603;1584;26;906;68;241;41;1116;49;812;755;1728;60;633;140;617;13;2512;28;702;296;913;201;1369;76;1530;182;1060;47;703;0;0;5;13;1083;78;3833;161;7824;224;8424;1235;5687;1628;2602;2092;1849;2438;5797;3
26/4/2021;8688;36484;3088;27897;4789;8587;811;0;3543;15052;46;1011;1876;3725;27;1503;667;1591;43;872;75;249;115;1076;75;806;765;1658;56;653;160;588;18;1875;41;693;383;927;345;1022;89;1473;282;985;78;725;4;2;2;24;992;90;3549;199;7483;215;8004;1025;5608;1609;2788;2743;2061;2781;5997;0
25/4/2021;493;21;490;21;3;0;0;0;94;11;2;0;391;8;0;0;1;0;1;0;0;0;0;0;0;0;1;0;0;2;0;0;1;0;1;0;0;0;0;0;0;0;1;0;0;0;0;0;0;0;0;0;0;1;4;2;4;180;8;260;2;48;3;2;0;0
24/4/2021;9592;12726;2511;9640;6572;3086;509;0;1598;6884;174;383;1362;1187;12;7;780;1345;306;779;366;17;471;15;79;321;1705;76;436;24;14;9;9;8;103;17;13;815;31;456;1030;229;15;21;1088;133;0;0;0;5;63;54;260;131;589;139;697;845;2435;1181;3506;3495;2937;3741;2239;1
23/4/2021;12003;39115;4522;30408;6629;8707;852;0;4076;15717;93;1076;3060;4790;187;1527;546;1933;47;1106;106;303;57;833;85;660;671;2070;948;847;614;589;17;2200;297;643;62;1012;377;788;67;1121;534;1099;157;801;2;1;1;55;336;187;1101;583;2495;1305;2852;1918;7559;1603;10162;3182;8457;3169;6151;1
22/4/2021;9027;42191;4716;33118;3475;9073;836;0;2665;17290;53;1113;2932;5093;95;1637;246;1970;71;1126;99;296;56;882;183;732;106;2302;926;861;441;682;20;2250;60;960;128;1046;327;892;47;1124;501;1154;71;781;0;0;1;50;353;293;1150;715;2641;1133;2898;1575;7996;1423;11118;2201;9485;1637;6547;2
21/4/2021;9347;37113;4523;23622;3980;13490;844;1;3124;12665;119;1146;2868;4464;45;1676;273;856;64;1209;45;361;47;1023;57;977;100;2429;914;852;593;684;46;2191;28;1415;83;1008;306;1001;72;1319;472;1010;91;827;0;0;2;60;251;354;989;765;2323;1211;2775;1890;6394;1620;8692;2038;7169;1408;8517;2
20/4/2021;10092;35598;5333;19701;4164;15897;595;0;3529;13599;109;927;2880;3969;68;1700;332;839;76;1064;41;284;51;1249;304;372;180;2879;904;903;587;775;41;1477;45;736;64;1417;303;1227;51;1197;427;310;100;674;0;0;5;82;98;384;609;843;1916;1008;1948;1898;5851;2237;8169;2190;7146;1450;9852;4
19/4/2021;7889;30930;2463;19729;4528;11201;898;0;3202;8745;41;1021;2391;3316;44;1653;248;736;41;1130;92;532;176;1364;189;546;162;2852;258;1058;38;566;28;1657;70;1209;48;1208;334;935;59;1303;414;410;54;689;0;1;0;85;10;403;129;1038;667;955;870;974;5289;1161;8549;1882;7502;1390;7914;0
18/4/2021;15635;28;217;22;311;4;15107;2;1612;5;782;16;8559;6;879;0;17;0;10;0;8;0;81;0;20;0;118;1;66;0;698;0;16;0;1340;0;1320;0;60;0;16;0;11;0;22;0;0;0;0;1;0;4;1;3;8;13;6;16;5;1512;5;7585;2;6501;1;0
17/4/2021;25458;9469;3208;9336;3532;133;18718;0;5104;4457;648;191;8474;840;1257;13;575;988;22;610;7;22;50;58;197;169;107;563;2839;51;764;13;2504;9;1580;9;1141;813;75;428;27;212;57;16;30;7;0;4;0;197;0;343;7;655;17;743;19;720;2298;1311;3713;8690;3347;12795;68;0
16/4/2021;29557;33149;18821;32944;10736;205;0;0;10426;13247;955;514;4203;4493;436;1135;1298;1461;1111;787;185;346;363;1095;519;668;1463;2234;1601;957;256;682;1940;336;317;380;1123;899;1525;832;767;1219;805;1096;244;768;20;2;0;432;29;1167;345;3059;983;5215;524;5214;7631;3066;12481;5025;11121;6377;34;1
15/4/2021;30847;32750;19831;32592;11015;158;1;0;10834;14088;889;521;3849;3688;590;990;1464;1110;854;840;290;359;401;1083;561;769;1612;1898;1639;1056;233;686;2040;469;602;634;1192;771;1695;917;821;1114;841;1090;422;666;19;2;0;288;24;899;222;2852;480;5331;293;5269;7744;3728;12699;5683;11259;6794;29;1
14/4/2021;47861;9850;37052;8357;10808;1493;1;0;16413;4811;660;1283;5057;416;1040;339;2036;28;1640;16;689;7;1256;9;1151;32;3460;70;2394;38;798;11;758;2252;1290;355;2070;41;2559;61;1496;25;2104;36;990;20;0;0;0;394;21;1166;204;3358;550;6665;390;9672;2084;10189;3398;9234;2722;7178;481;5
13/4/2021;47250;9957;36828;7688;10421;2269;1;0;15921;5279;930;991;5206;415;1226;347;1893;20;1641;35;677;4;1233;8;1240;13;3589;53;2249;23;770;8;952;2263;727;353;1958;35;2502;39;1451;14;1921;34;1148;23;16;1;0;237;13;964;69;2757;336;5143;429;7702;2216;11753;3376;10361;2643;8330;875;2
12/4/2021;45815;7365;35507;6910;10308;455;0;0;15642;2334;372;1425;4776;266;1163;341;1876;12;1719;21;596;11;1187;16;1151;12;3692;104;2328;27;716;15;839;2278;697;334;2041;47;2451;24;1388;34;2052;35;1108;29;21;4;0;73;8;431;29;1642;228;3244;290;5381;1823;12767;2828;13490;2131;8779;28;4
11/4/2021;359;6;357;5;1;1;1;0;198;3;0;0;148;3;0;0;0;0;0;0;0;0;5;0;0;0;2;0;1;0;2;0;0;0;1;0;1;0;1;0;0;0;0;0;0;0;0;0;0;0;0;1;0;2;1;132;1;196;3;15;1;12;0;1;0;0
10/4/2021;17890;9128;3484;171;14406;8957;0;0;12466;5956;434;186;1246;1002;11;152;850;455;585;87;10;7;23;106;380;17;264;201;851;23;24;4;20;26;33;36;77;328;467;415;111;88;33;31;4;8;1;0;0;9;26;115;161;350;2000;827;2850;1206;2292;1010;1459;7211;304;7162;36;0
9/4/2021;11755;27982;9867;734;1888;27248;0;0;3667;13850;26;324;2255;4160;113;334;710;876;292;384;7;216;154;569;628;478;1073;1255;890;998;48;325;421;717;567;609;163;687;386;549;33;659;156;702;153;290;13;0;0;174;29;587;602;1356;6749;1781;8995;1922;6975;2485;3940;2739;629;711;63;0
8/4/2021;27470;21240;27459;21232;11;8;0;0;9036;8727;792;336;3063;2630;867;789;1116;623;988;556;499;177;739;475;795;435;2163;1232;1232;483;391;299;1391;1269;608;365;1348;551;639;554;611;741;514;634;655;364;23;4;0;106;88;307;620;746;2015;2194;2450;7639;3199;9750;12764;6693;96;31;7;1
7/4/2021;21763;24344;21740;24344;11;0;12;0;7800;11170;699;469;1756;3560;899;490;491;825;457;493;50;215;504;529;756;376;1083;1325;1126;586;423;309;1101;713;915;604;1113;739;682;637;810;462;625;576;473;266;0;1;0;14;49;46;475;159;1772;161;1804;5763;1594;9389;18642;6209;7;20;0;2
6/4/2021;22875;21202;22223;21192;652;10;0;0;8787;10274;590;424;1647;3248;837;327;588;705;766;282;52;217;598;551;714;370;1015;1221;916;512;525;191;1207;512;607;307;1048;673;837;503;858;318;750;394;533;173;0;0;0;24;53;69;325;223;1107;278;1239;5787;1045;8973;17426;7426;6;95;1;0
5/4/2021;10751;27537;10073;27510;677;27;1;0;6447;11789;31;513;839;3306;513;775;54;1123;208;671;15;222;384;693;42;385;168;1963;643;666;299;426;198;1116;97;557;27;712;43;794;269;721;390;684;84;421;0;0;0;19;9;70;111;196;688;214;918;2596;695;4157;25103;3289;8;210;5;0
4/4/2021;7;1;5;0;2;0;0;1;3;1;2;0;2;0;0;0;0;0;0;0;0;0;0;0;0;0;0;0;0;0;0;0;0;0;0;0;0;0;0;0;0;0;0;0;0;0;0;0;0;0;0;1;0;0;0;0;0;1;1;0;0;4;0;1;0;0
3/4/2021;12298;43;8974;34;3324;9;0;0;6651;19;26;0;897;3;30;0;1473;1;653;2;10;0;27;0;365;0;59;0;41;1;23;0;26;1;18;0;805;10;801;4;226;2;31;0;136;0;0;1;0;361;0;1189;3;2512;11;2630;16;1920;4;1011;2;799;0;1875;7;0
2/4/2021;40391;8679;30772;8654;9619;25;0;0;14006;3517;1100;270;4059;1423;1602;206;1976;278;1021;158;296;70;1283;283;947;210;2115;309;1391;265;839;109;2776;321;905;36;966;423;1249;212;1740;176;1159;280;961;133;0;0;0;1349;37;3917;574;8283;2547;8763;2665;6335;2086;2923;762;3499;4;5322;4;0
1/4/2021;39558;8457;30837;8444;8720;13;1;0;14805;3344;1049;267;3602;1507;1460;222;1908;209;995;137;261;101;1069;220;803;229;1933;262;1407;223;761;103;2703;354;952;155;948;406;1174;264;1692;152;1164;191;872;111;0;1;0;1320;36;3888;656;8341;2373;8871;2713;6379;2029;2616;640;2550;2;5589;8;3
31/3/2021;37539;20310;29060;20295;8479;15;0;0;14091;8480;1236;538;3598;2740;1351;589;1538;650;858;443;249;213;1126;572;822;381;1799;826;679;522;664;300;2657;814;1245;421;934;684;1138;527;1865;460;1109;734;580;416;0;2;0;1080;93;3799;1457;7957;5181;8530;6734;5935;5063;2467;1772;1994;0;5775;10;0
30/3/2021;38130;13916;29402;13898;8728;18;0;0;14804;6048;1132;349;3874;1968;1496;290;1618;363;892;361;246;217;1158;370;832;291;1747;389;659;393;633;244;2651;530;727;281;947;622;1271;381;1595;288;1099;400;749;131;0;7;0;1132;78;3952;966;8147;3605;8672;4536;5828;3489;2533;1231;1833;0;6023;11;3
29/3/2021;37013;17237;28259;17227;8750;10;4;0;15189;6470;1066;474;3773;1748;1529;711;1615;708;873;516;248;262;1084;476;830;350;1643;1026;679;501;615;389;2055;880;666;445;961;624;916;491;1500;522;1027;481;744;163;0;3;0;1024;56;3721;919;7757;4097;8137;5759;5585;4694;2636;1702;1999;3;6150;7;1
28/3/2021;7;0;4;0;3;0;0;0;1;0;1;0;1;0;0;0;0;0;0;0;0;0;1;0;0;0;0;0;0;0;1;0;1;0;0;0;0;0;1;0;0;0;0;0;0;0;0;0;0;0;0;1;0;0;0;1;0;1;0;0;0;2;0;2;0;0
27/3/2021;13153;0;9870;0;3283;0;0;0;7045;0;383;0;1277;0;7;0;1458;0;797;0;18;0;16;0;321;0;52;0;22;0;10;0;11;0;45;0;827;0;491;0;223;0;22;0;128;0;0;0;0;72;0;282;0;605;0;708;0;2524;0;3566;0;2987;0;2409;0;0
26/3/2021;41134;0;32465;0;8668;0;1;0;16316;0;1163;0;4875;0;1651;0;1911;0;1136;0;320;0;855;0;710;0;2295;0;864;0;669;0;2368;0;652;0;1028;0;989;0;1162;0;1205;0;965;0;0;1;0;377;0;1250;0;2794;0;3124;0;7953;0;10653;0;8773;0;6208;0;1
25/3/2021;43558;0;34429;0;9129;0;0;0;17671;0;1173;0;5226;0;1717;0;1994;0;1164;0;300;0;940;0;747;0;2528;0;824;0;716;0;2367;0;1000;0;1072;0;1078;0;1165;0;1169;0;707;0;0;1;0;379;0;1324;0;2890;0;3125;0;8280;0;11352;0;9563;0;6642;0;2
24/3/2021;35352;0;24883;0;10469;0;0;0;10531;0;1210;0;4239;0;1794;0;845;0;1169;0;310;0;1013;0;956;0;2675;0;874;0;741;0;2324;0;1404;0;1085;0;931;0;1371;0;1029;0;851;0;0;2;0;262;0;987;0;2220;0;2579;0;6323;0;8731;0;7074;0;7172;0;2
23/3/2021;36382;0;19991;0;16391;0;0;0;13265;0;1074;0;4539;0;1940;0;807;0;1019;0;293;0;1273;0;409;0;2915;0;974;0;813;0;1548;0;830;0;1286;0;1058;0;1277;0;334;0;727;0;1;3;0;121;0;664;0;1920;0;1967;0;6003;0;8460;0;7321;0;9920;0;3
22/3/2021;38661;0;20725;0;17935;0;1;0;13958;0;1057;0;3872;0;1703;0;903;0;1354;0;618;0;1502;0;579;0;3003;0;1124;0;634;0;1813;0;1225;0;1451;0;1381;0;1382;0;457;0;645;0;0;2;0;38;0;407;0;1556;0;1724;0;6244;0;9282;0;8206;0;11200;0;2
21/3/2021;19;0;7;0;12;0;0;0;6;0;4;0;7;0;0;0;0;0;0;0;0;0;0;0;0;0;0;0;0;0;0;0;0;0;1;0;0;0;0;0;0;0;1;0;0;0;0;0;0;0;0;0;0;0;0;1;0;1;0;4;0;5;0;8;0;0
20/3/2021;12482;0;12450;0;29;0;3;0;7207;0;213;0;987;0;13;0;1016;0;634;0;22;0;58;0;176;0;581;0;23;0;13;0;8;0;14;0;855;0;387;0;219;0;18;0;38;0;0;0;0;3;0;12;0;43;0;40;0;3059;0;4879;0;4433;0;13;0;0
19/3/2021;36297;0;36172;0;98;0;27;0;15741;0;485;0;4474;0;1172;0;1494;0;804;0;367;0;1189;0;677;0;2208;0;1191;0;741;0;330;0;378;0;910;0;814;0;1332;0;1134;0;847;0;9;1;0;40;0;373;0;840;0;426;0;8535;0;13779;0;12228;0;74;0;1
18/3/2021;36512;0;36285;0;226;0;1;0;17290;0;542;0;4093;0;1034;0;1134;0;849;0;367;0;1107;0;779;0;1988;0;854;0;708;0;469;0;618;0;778;0;948;0;1131;0;1123;0;700;0;0;0;0;25;0;201;0;492;0;288;0;8755;0;14167;0;12499;0;85;0;0
17/3/2021;7884;0;6428;0;1456;0;0;0;2469;0;1417;0;402;0;349;0;22;0;22;0;4;0;22;0;35;0;74;0;28;0;13;0;2388;0;401;0;52;0;95;0;34;0;32;0;25;0;0;0;0;28;0;361;0;1038;0;538;0;1402;0;2248;0;1724;0;544;0;1
16/3/2021;6658;0;4644;0;2014;0;0;0;2091;0;1001;0;299;0;352;0;10;0;4;0;1;0;5;0;12;0;32;0;8;0;1;0;2362;0;374;0;29;0;28;0;5;0;25;0;19;0;0;0;0;14;0;57;0;272;0;410;0;1425;0;2154;0;1571;0;755;0;0
15/3/2021;11255;0;5020;0;6235;0;0;0;4560;0;1505;0;1425;0;345;0;18;0;12;0;10;0;89;0;16;0;47;0;338;0;7;0;2370;0;285;0;50;0;108;0;14;0;34;0;22;0;0;0;0;14;0;186;0;1583;0;2109;0;2798;0;2859;0;1669;0;37;0;0
14/3/2021;1;0;1;0;0;0;0;0;1;0;0;0;0;0;0;0;0;0;0;0;0;0;0;0;0;0;0;0;0;0;0;0;0;0;0;0;0;0;0;0;0;0;0;0;0;0;0;0;0;0;0;0;0;0;0;1;0;0;0;0;0;0;0;0;0;0
13/3/2021;10416;0;91;0;10325;0;0;0;6287;0;227;0;1033;0;177;0;598;0;137;0;7;0;109;0;17;0;380;0;24;0;5;0;64;0;123;0;545;0;440;0;196;0;39;0;8;0;0;0;0;15;0;200;0;2300;0;3302;0;2611;0;1631;0;329;0;28;0;0
12/3/2021;22709;0;806;0;21903;0;0;0;10565;0;353;0;3102;0;353;0;766;0;336;0;215;0;505;0;474;0;1149;0;722;0;338;0;749;0;541;0;503;0;447;0;593;0;711;0;287;0;0;0;0;42;0;454;0;5579;0;7359;0;5653;0;3125;0;459;0;38;0;0
11/3/2021;22409;0;22402;0;6;0;1;0;9227;0;351;0;2743;0;826;0;649;0;576;0;185;0;500;0;450;0;1277;0;514;0;347;0;1360;0;373;0;563;0;630;0;776;0;671;0;391;0;0;0;0;95;0;674;0;2198;0;2646;0;3438;0;13265;0;83;0;9;0;1
10/3/2021;25175;0;25173;0;2;0;0;0;11512;0;519;0;3686;0;512;0;844;0;526;0;215;0;551;0;389;0;1353;0;607;0;325;0;739;0;621;0;754;0;655;0;485;0;595;0;287;0;0;1;0;49;0;503;0;1845;0;1867;0;1655;0;19241;0;10;0;2;0;2
9/3/2021;21829;0;21822;0;7;0;0;0;10606;0;447;0;3351;0;347;0;711;0;281;0;222;0;562;0;377;0;1220;0;525;0;203;0;538;0;308;0;700;0;525;0;324;0;399;0;183;0;0;0;0;53;0;325;0;1149;0;1281;0;1058;0;17958;0;1;0;4;0;0
8/3/2021;28139;0;28137;0;2;0;0;0;12045;0;535;0;3345;0;802;0;1147;0;691;0;232;0;711;0;385;0;2011;0;667;0;449;0;1145;0;559;0;740;0;817;0;738;0;693;0;427;0;0;0;0;9;0;120;0;670;0;890;0;676;0;25764;0;3;0;6;0;1
7/3/2021;2;0;0;0;2;0;0;0;1;0;0;0;0;0;0;0;0;0;0;0;0;0;0;0;0;0;1;0;0;0;0;0;0;0;0;0;0;0;0;0;0;0;0;0;0;0;0;0;0;0;0;0;0;0;0;0;0;0;0;2;0;0;0;0;0;0
6/3/2021;2;0;1;0;0;0;1;0;0;0;0;0;1;0;0;0;0;0;0;0;0;0;0;0;0;0;0;0;1;0;0;0;0;0;0;0;0;0;0;0;0;0;0;0;0;0;0;0;0;0;0;0;0;0;0;0;0;2;0;0;0;0;0;0;0;0
5/3/2021;9190;0;9187;0;3;0;0;0;3726;0;293;0;1520;0;224;0;283;0;163;0;72;0;298;0;217;0;320;0;283;0;116;0;355;0;29;0;452;0;224;0;175;0;301;0;139;0;0;0;0;40;0;640;0;2740;0;2815;0;2176;0;776;0;3;0;0;0;0
4/3/2021;8981;0;8978;0;3;0;0;0;3600;0;291;0;1571;0;242;0;211;0;142;0;101;0;217;0;238;0;276;0;231;0;117;0;386;0;161;0;437;0;275;0;163;0;195;0;127;0;0;1;0;43;0;715;0;2565;0;2871;0;2112;0;672;0;1;0;1;0;0
3/3/2021;21301;0;21296;0;5;0;0;0;8952;0;576;0;2837;0;625;0;667;0;455;0;220;0;589;0;392;0;854;0;549;0;326;0;860;0;439;0;725;0;559;0;481;0;780;0;415;0;0;0;0;97;0;1524;0;5468;0;7065;0;5309;0;1834;0;0;0;3;0;1
2/3/2021;14732;0;14714;0;18;0;0;0;6348;0;415;0;2152;0;318;0;371;0;367;0;220;0;391;0;302;0;413;0;397;0;261;0;551;0;294;0;653;0;400;0;302;0;421;0;156;0;0;0;0;81;0;1058;0;3840;0;4794;0;3683;0;1272;0;2;0;2;0;0
1/3/2021;18023;0;18023;0;0;0;0;0;6741;0;502;0;1843;0;764;0;719;0;533;0;264;0;499;0;357;0;1044;0;526;0;430;0;936;0;462;0;655;0;520;0;554;0;502;0;172;0;0;0;0;58;0;976;0;4337;0;6032;0;4863;0;1757;0;0;0;0;0;0
28/2/2021;1;0;0;0;1;0;0;0;0;0;0;0;1;0;0;0;0;0;0;0;0;0;0;0;0;0;0;0;0;0;0;0;0;0;0;0;0;0;0;0;0;0;0;0;0;0;0;0;0;0;0;0;0;1;0;0;0;0;0;0;0;0;0;0;0;0
27/2/2021;372;0;372;0;0;0;0;0;156;0;8;0;64;0;4;0;6;0;5;0;1;0;3;0;2;0;24;0;11;0;0;0;25;0;4;0;24;0;10;0;12;0;12;0;1;0;0;0;0;1;0;30;0;83;0;129;0;102;0;26;0;0;0;1;0;0
